dataset_id,persona_id,statement,categories
conversation_0_user_1,6923e39f825f69f9024af3db4d61172f32be6787d9793aeca536454803094544,I am 32.,Personality_Traits
conversation_0_user_1,6923e39f825f69f9024af3db4d61172f32be6787d9793aeca536454803094544,I do not want a job.,Personal_Background
conversation_0_user_1,6923e39f825f69f9024af3db4d61172f32be6787d9793aeca536454803094544,I play video games all day.,Preferences_Interests
conversation_0_user_1,6923e39f825f69f9024af3db4d61172f32be6787d9793aeca536454803094544,I still live at home with my parents.,"Demographics, Personal_Background"
conversation_0_user_2,30abc4f31270384eb7be26d12a2e746f9dc4fb0c3dbe13fdcba7923eaa2f4547,My favorite drink is iced coffee.,Preferences_Interests
conversation_0_user_2,30abc4f31270384eb7be26d12a2e746f9dc4fb0c3dbe13fdcba7923eaa2f4547,I have a black belt in karate.,Uncategorized
conversation_0_user_2,30abc4f31270384eb7be26d12a2e746f9dc4fb0c3dbe13fdcba7923eaa2f4547,I m in a jazz band and play the saxophone.,Preferences_Interests
conversation_0_user_2,30abc4f31270384eb7be26d12a2e746f9dc4fb0c3dbe13fdcba7923eaa2f4547,I vacation along lake michigan every summer.,Preferences_Interests
conversation_1_user_1,7f8f76268e73b322e0b46f20f83d47d71078172dc596a7ee192b3f592cd368c7,I am 32.,Personality_Traits
conversation_1_user_1,7f8f76268e73b322e0b46f20f83d47d71078172dc596a7ee192b3f592cd368c7,I play video games all day.,Preferences_Interests
conversation_1_user_1,7f8f76268e73b322e0b46f20f83d47d71078172dc596a7ee192b3f592cd368c7,I still live at home with my parents.,"Demographics, Personal_Background"
conversation_1_user_1,7f8f76268e73b322e0b46f20f83d47d71078172dc596a7ee192b3f592cd368c7,I do not want a job.,Personal_Background
conversation_1_user_2,30011a7071122f7280b4c6c3c4bb5d1ba10d1296e23a9ac6acf7ddb80dbfe02d,I have a ford f150.,Uncategorized
conversation_1_user_2,30011a7071122f7280b4c6c3c4bb5d1ba10d1296e23a9ac6acf7ddb80dbfe02d,I like ford cars.,Preferences_Interests
conversation_1_user_2,30011a7071122f7280b4c6c3c4bb5d1ba10d1296e23a9ac6acf7ddb80dbfe02d,My truck is black.,Uncategorized
conversation_1_user_2,30011a7071122f7280b4c6c3c4bb5d1ba10d1296e23a9ac6acf7ddb80dbfe02d,I also like ford trucks.,Preferences_Interests
conversation_1_user_2,30011a7071122f7280b4c6c3c4bb5d1ba10d1296e23a9ac6acf7ddb80dbfe02d,I own a ford truck.,Uncategorized
conversation_2_user_1,8c7f6f68e28080c1c4aae98c6feb18d6a2d59ac98917c7cac3c1a42f185e7810,I am 32.,Personality_Traits
conversation_2_user_1,8c7f6f68e28080c1c4aae98c6feb18d6a2d59ac98917c7cac3c1a42f185e7810,I play video games all day.,Preferences_Interests
conversation_2_user_1,8c7f6f68e28080c1c4aae98c6feb18d6a2d59ac98917c7cac3c1a42f185e7810,I still live at home with my parents.,"Demographics, Personal_Background"
conversation_2_user_1,8c7f6f68e28080c1c4aae98c6feb18d6a2d59ac98917c7cac3c1a42f185e7810,I do not want a job.,Personal_Background
conversation_2_user_1,8c7f6f68e28080c1c4aae98c6feb18d6a2d59ac98917c7cac3c1a42f185e7810,I eat all take out.,Preferences_Interests
conversation_2_user_2,d62f3028459950f434e1a963d1398f103984d058ff4f94bd3a7ad6440c0a13f5,I can recite the movie young frankenstein word for word.,Preferences_Interests
conversation_2_user_2,d62f3028459950f434e1a963d1398f103984d058ff4f94bd3a7ad6440c0a13f5,I like to make my own clothes.,Preferences_Interests
conversation_2_user_2,d62f3028459950f434e1a963d1398f103984d058ff4f94bd3a7ad6440c0a13f5,I am partially blind.,Personality_Traits
conversation_2_user_2,d62f3028459950f434e1a963d1398f103984d058ff4f94bd3a7ad6440c0a13f5,I do volunteer work for human rights organizations.,Personal_Background
conversation_2_user_2,d62f3028459950f434e1a963d1398f103984d058ff4f94bd3a7ad6440c0a13f5,I can do convincing bird calls.,Uncategorized
conversation_3_user_1,d267d0ed0bda1c830b159da35fb29c7b5a034522614aa5932ef554c5bcb922a8,I write.,Uncategorized
conversation_3_user_1,d267d0ed0bda1c830b159da35fb29c7b5a034522614aa5932ef554c5bcb922a8,I work at mcdonald s.,Personal_Background
conversation_3_user_1,d267d0ed0bda1c830b159da35fb29c7b5a034522614aa5932ef554c5bcb922a8,I watch youtube videos.,Preferences_Interests
conversation_3_user_1,d267d0ed0bda1c830b159da35fb29c7b5a034522614aa5932ef554c5bcb922a8,I have brown hair.,Uncategorized
conversation_3_user_2,d70bf680d2cfc3fc763faac2bf3f9a0b75dcc6ae454fa15071cf882f015261c9,I want to move.,Goals_Aspirations
conversation_3_user_2,d70bf680d2cfc3fc763faac2bf3f9a0b75dcc6ae454fa15071cf882f015261c9,I don t like feeling controlled.,Personality_Traits
conversation_3_user_2,d70bf680d2cfc3fc763faac2bf3f9a0b75dcc6ae454fa15071cf882f015261c9,I wish i could take back a mistake.,Goals_Aspirations
conversation_3_user_2,d70bf680d2cfc3fc763faac2bf3f9a0b75dcc6ae454fa15071cf882f015261c9,I have a harsh inner critic.,Uncategorized
conversation_3_user_2,d70bf680d2cfc3fc763faac2bf3f9a0b75dcc6ae454fa15071cf882f015261c9,I don t like my reputation.,Preferences_Interests
conversation_4_user_1,4be7816a63f5704b101e44b9c3adf4f2f42647149882ef1f6d0610e91df4bdde,I am bald.,Personality_Traits
conversation_4_user_1,4be7816a63f5704b101e44b9c3adf4f2f42647149882ef1f6d0610e91df4bdde,I like to swim.,Preferences_Interests
conversation_4_user_1,4be7816a63f5704b101e44b9c3adf4f2f42647149882ef1f6d0610e91df4bdde,My favorite drink is chocolate milk.,Preferences_Interests
conversation_4_user_1,4be7816a63f5704b101e44b9c3adf4f2f42647149882ef1f6d0610e91df4bdde,I don t work.,Personal_Background
conversation_4_user_2,77dde7a057ce5731bea19d56a341ca987e6a6470e19e12d9aafc6aff72860dcf,My favorite store is american eagle.,Demographics
conversation_4_user_2,77dde7a057ce5731bea19d56a341ca987e6a6470e19e12d9aafc6aff72860dcf,I enjoy spending time with my family.,Personal_Background
conversation_4_user_2,77dde7a057ce5731bea19d56a341ca987e6a6470e19e12d9aafc6aff72860dcf,I love to go running.,"Preferences_Interests, Personality_Traits"
conversation_4_user_2,77dde7a057ce5731bea19d56a341ca987e6a6470e19e12d9aafc6aff72860dcf,I do not like vegetables.,Preferences_Interests
conversation_5_user_1,9c2b74aaec5597fd6d77f075a96c00c796a50950a48533bc81242a2d582edbfc,I am male.,Demographics
conversation_5_user_1,9c2b74aaec5597fd6d77f075a96c00c796a50950a48533bc81242a2d582edbfc,I like potatoes.,Preferences_Interests
conversation_5_user_1,9c2b74aaec5597fd6d77f075a96c00c796a50950a48533bc81242a2d582edbfc,I work in accounting.,Personal_Background
conversation_5_user_1,9c2b74aaec5597fd6d77f075a96c00c796a50950a48533bc81242a2d582edbfc,I lease my car.,Uncategorized
conversation_5_user_2,aaafe036395f133fc5a0aa4423020c4dea1ed321a7c515c47f98cef0a4c4eb70,I am 10 years old.,Demographics
conversation_5_user_2,aaafe036395f133fc5a0aa4423020c4dea1ed321a7c515c47f98cef0a4c4eb70,I like to watch tv.,Preferences_Interests
conversation_5_user_2,aaafe036395f133fc5a0aa4423020c4dea1ed321a7c515c47f98cef0a4c4eb70,My name is arnold.,Uncategorized
conversation_5_user_2,aaafe036395f133fc5a0aa4423020c4dea1ed321a7c515c47f98cef0a4c4eb70,I love ham and cheese sandwiches.,Personality_Traits
conversation_6_user_1,d8a7b09557614e9a8815cf54694f13e9ade9a05e2e8f21f5604a0e1f7a68be24,I am male.,Demographics
conversation_6_user_1,d8a7b09557614e9a8815cf54694f13e9ade9a05e2e8f21f5604a0e1f7a68be24,I like potatoes.,Preferences_Interests
conversation_6_user_1,d8a7b09557614e9a8815cf54694f13e9ade9a05e2e8f21f5604a0e1f7a68be24,I work in accounting.,Personal_Background
conversation_6_user_1,d8a7b09557614e9a8815cf54694f13e9ade9a05e2e8f21f5604a0e1f7a68be24,I lease my car.,Uncategorized
conversation_6_user_2,dd7f324d967a729371edd2841976dc4c16d1755713a44a4753ce2b238b057e01,I volunteer at animal shelters.,Uncategorized
conversation_6_user_2,dd7f324d967a729371edd2841976dc4c16d1755713a44a4753ce2b238b057e01,I am a terrible speller.,Personality_Traits
conversation_6_user_2,dd7f324d967a729371edd2841976dc4c16d1755713a44a4753ce2b238b057e01,I am an amazing dancer.,Personality_Traits
conversation_6_user_2,dd7f324d967a729371edd2841976dc4c16d1755713a44a4753ce2b238b057e01,Country music makes me cringe.,Preferences_Interests
conversation_6_user_2,dd7f324d967a729371edd2841976dc4c16d1755713a44a4753ce2b238b057e01,I have blonde hair that reaches my knees.,Uncategorized
conversation_7_user_1,f5c26c081d50dadd003f9d79ef1ea3b0f5051dd85a923f2d4ee033a886a12811,I am male.,Demographics
conversation_7_user_1,f5c26c081d50dadd003f9d79ef1ea3b0f5051dd85a923f2d4ee033a886a12811,My weakness are sweets.,Uncategorized
conversation_7_user_1,f5c26c081d50dadd003f9d79ef1ea3b0f5051dd85a923f2d4ee033a886a12811,I am unsociable.,Personality_Traits
conversation_7_user_1,f5c26c081d50dadd003f9d79ef1ea3b0f5051dd85a923f2d4ee033a886a12811,"I am a jack of all , master of none.",Personality_Traits
conversation_7_user_2,babe1e277b98f15c3b6b903f513532b1578d9e7c473f507b5081198e810b0a25,My favorite music is rock and roll.,Preferences_Interests
conversation_7_user_2,babe1e277b98f15c3b6b903f513532b1578d9e7c473f507b5081198e810b0a25,I love to travel.,"Preferences_Interests, Personality_Traits"
conversation_7_user_2,babe1e277b98f15c3b6b903f513532b1578d9e7c473f507b5081198e810b0a25,I am from russia.,Demographics
conversation_7_user_2,babe1e277b98f15c3b6b903f513532b1578d9e7c473f507b5081198e810b0a25,I enjoy skiing.,Preferences_Interests
conversation_7_user_2,babe1e277b98f15c3b6b903f513532b1578d9e7c473f507b5081198e810b0a25,I go to school for business.,Personal_Background
conversation_8_user_1,c069196f5e80f4f64d2b81926dce6c6260a4442c8eda1040c7a714f237bcd320,I am male.,Demographics
conversation_8_user_1,c069196f5e80f4f64d2b81926dce6c6260a4442c8eda1040c7a714f237bcd320,My weakness are sweets.,Uncategorized
conversation_8_user_1,c069196f5e80f4f64d2b81926dce6c6260a4442c8eda1040c7a714f237bcd320,I am unsociable.,Personality_Traits
conversation_8_user_1,c069196f5e80f4f64d2b81926dce6c6260a4442c8eda1040c7a714f237bcd320,I live to not disappoint my loved ones.,Demographics
conversation_8_user_1,c069196f5e80f4f64d2b81926dce6c6260a4442c8eda1040c7a714f237bcd320,"I am a jack of all , master of none.",Personality_Traits
conversation_8_user_2,ebb24f6488ef630f3b8686d1b6732b481fde4c642c5a9361cab0e8971831a228,I live in north dakota.,Demographics
conversation_8_user_2,ebb24f6488ef630f3b8686d1b6732b481fde4c642c5a9361cab0e8971831a228,I work as a waitress.,Personal_Background
conversation_8_user_2,ebb24f6488ef630f3b8686d1b6732b481fde4c642c5a9361cab0e8971831a228,I ride a bike.,Preferences_Interests
conversation_8_user_2,ebb24f6488ef630f3b8686d1b6732b481fde4c642c5a9361cab0e8971831a228,I like to draw.,Preferences_Interests
conversation_8_user_2,ebb24f6488ef630f3b8686d1b6732b481fde4c642c5a9361cab0e8971831a228,I have 5 brothers and sisters.,Personal_Background
conversation_9_user_1,d47ba35993769b1e4a24fa8220aaee7161e3c3d16647039b6d4cdcb0532e0ad1,I am male.,Demographics
conversation_9_user_1,d47ba35993769b1e4a24fa8220aaee7161e3c3d16647039b6d4cdcb0532e0ad1,I live to not disappoint my loved ones.,Demographics
conversation_9_user_1,d47ba35993769b1e4a24fa8220aaee7161e3c3d16647039b6d4cdcb0532e0ad1,I am unsociable.,Personality_Traits
conversation_9_user_1,d47ba35993769b1e4a24fa8220aaee7161e3c3d16647039b6d4cdcb0532e0ad1,"I am a jack of all , master of none.",Personality_Traits
conversation_9_user_1,d47ba35993769b1e4a24fa8220aaee7161e3c3d16647039b6d4cdcb0532e0ad1,My weakness are sweets.,Uncategorized
conversation_9_user_2,5dedfc9d4298d5744116682a34b19e187645c2be8f2a9087d95f8a8967b8bdf0,My favorite meal is steak.,Preferences_Interests
conversation_9_user_2,5dedfc9d4298d5744116682a34b19e187645c2be8f2a9087d95f8a8967b8bdf0,I always travel alone.,Preferences_Interests
conversation_9_user_2,5dedfc9d4298d5744116682a34b19e187645c2be8f2a9087d95f8a8967b8bdf0,I only sleep 3 hours a day.,Habits_Routines
conversation_9_user_2,5dedfc9d4298d5744116682a34b19e187645c2be8f2a9087d95f8a8967b8bdf0,I am incredibly smart.,Personality_Traits
conversation_9_user_2,5dedfc9d4298d5744116682a34b19e187645c2be8f2a9087d95f8a8967b8bdf0,I have no parents or siblings.,Personal_Background
conversation_10_user_1,5d0a1e8ac9cfd7961a9cde5c9848de696cd73e533ac776439c0afc7dfc3e0216,I am male.,Demographics
conversation_10_user_1,5d0a1e8ac9cfd7961a9cde5c9848de696cd73e533ac776439c0afc7dfc3e0216,I live to not disappoint my loved ones.,Demographics
conversation_10_user_1,5d0a1e8ac9cfd7961a9cde5c9848de696cd73e533ac776439c0afc7dfc3e0216,My weakness are sweets.,Uncategorized
conversation_10_user_1,5d0a1e8ac9cfd7961a9cde5c9848de696cd73e533ac776439c0afc7dfc3e0216,"I am a jack of all , master of none.",Personality_Traits
conversation_10_user_1,5d0a1e8ac9cfd7961a9cde5c9848de696cd73e533ac776439c0afc7dfc3e0216,I am unsociable.,Personality_Traits
conversation_10_user_2,58803dbccc3a0f122c94f0d5a175628eeacaccd61f356adcab16fba4cc395aa8,I enjoy going to festivals.,Preferences_Interests
conversation_10_user_2,58803dbccc3a0f122c94f0d5a175628eeacaccd61f356adcab16fba4cc395aa8,I recently started working online.,Uncategorized
conversation_10_user_2,58803dbccc3a0f122c94f0d5a175628eeacaccd61f356adcab16fba4cc395aa8,I eat meat.,Preferences_Interests
conversation_10_user_2,58803dbccc3a0f122c94f0d5a175628eeacaccd61f356adcab16fba4cc395aa8,My favorite band is the story so far.,Preferences_Interests
conversation_11_user_1,7d0d39450b80bda48d8b01b4274011c81c4eddf0bb157003bc87c80c4297f6c5,I am male.,Demographics
conversation_11_user_1,7d0d39450b80bda48d8b01b4274011c81c4eddf0bb157003bc87c80c4297f6c5,I live to not disappoint my loved ones.,Demographics
conversation_11_user_1,7d0d39450b80bda48d8b01b4274011c81c4eddf0bb157003bc87c80c4297f6c5,"I am a jack of all , master of none.",Personality_Traits
conversation_11_user_1,7d0d39450b80bda48d8b01b4274011c81c4eddf0bb157003bc87c80c4297f6c5,My weakness are sweets.,Uncategorized
conversation_11_user_2,08f9f3300c5ca2711436014958932bb8d9c470235d16d44f8a3558273b6c6da8,I own a ford truck.,Uncategorized
conversation_11_user_2,08f9f3300c5ca2711436014958932bb8d9c470235d16d44f8a3558273b6c6da8,My truck is black.,Uncategorized
conversation_11_user_2,08f9f3300c5ca2711436014958932bb8d9c470235d16d44f8a3558273b6c6da8,I have a ford f150.,Uncategorized
conversation_11_user_2,08f9f3300c5ca2711436014958932bb8d9c470235d16d44f8a3558273b6c6da8,I also like ford trucks.,Preferences_Interests
conversation_12_user_1,847fbb3d030400e4bf3ea07023dd42c220370e4067cebf7b3359f5044a2e1fd4,I am tall.,Personality_Traits
conversation_12_user_1,847fbb3d030400e4bf3ea07023dd42c220370e4067cebf7b3359f5044a2e1fd4,I like to garden.,Preferences_Interests
conversation_12_user_1,847fbb3d030400e4bf3ea07023dd42c220370e4067cebf7b3359f5044a2e1fd4,I love the outdoors.,Personality_Traits
conversation_12_user_1,847fbb3d030400e4bf3ea07023dd42c220370e4067cebf7b3359f5044a2e1fd4,I like to build things.,Preferences_Interests
conversation_12_user_1,847fbb3d030400e4bf3ea07023dd42c220370e4067cebf7b3359f5044a2e1fd4,I like to travel.,Preferences_Interests
conversation_12_user_2,cba84db7ddeee7925a078bea1274634a90fba9bcef4cf7e12ede17487c0f802d,I rent an apartment.,Uncategorized
conversation_12_user_2,cba84db7ddeee7925a078bea1274634a90fba9bcef4cf7e12ede17487c0f802d,I live walking distance from work.,"Demographics, Personal_Background"
conversation_12_user_2,cba84db7ddeee7925a078bea1274634a90fba9bcef4cf7e12ede17487c0f802d,I enjoy playing soccer.,Preferences_Interests
conversation_12_user_2,cba84db7ddeee7925a078bea1274634a90fba9bcef4cf7e12ede17487c0f802d,I do not like coffee.,Preferences_Interests
conversation_12_user_2,cba84db7ddeee7925a078bea1274634a90fba9bcef4cf7e12ede17487c0f802d,I work in finance.,Personal_Background
conversation_13_user_1,3662152793c59467ee069d3fdf3586ef19290f16675732d094b188871cb200b7,I am tall.,Personality_Traits
conversation_13_user_1,3662152793c59467ee069d3fdf3586ef19290f16675732d094b188871cb200b7,I like to build things.,Preferences_Interests
conversation_13_user_1,3662152793c59467ee069d3fdf3586ef19290f16675732d094b188871cb200b7,I love the outdoors.,Personality_Traits
conversation_13_user_1,3662152793c59467ee069d3fdf3586ef19290f16675732d094b188871cb200b7,I like to garden.,Preferences_Interests
conversation_13_user_1,3662152793c59467ee069d3fdf3586ef19290f16675732d094b188871cb200b7,I like to travel.,Preferences_Interests
conversation_13_user_2,207e5c150876f9fdf3da7dc2957e0d20afa2c944ee4147a335ad6737ab3e5ec3,My favorite tv show is rick and morty.,Preferences_Interests
conversation_13_user_2,207e5c150876f9fdf3da7dc2957e0d20afa2c944ee4147a335ad6737ab3e5ec3,I am writing a novel.,Preferences_Interests
conversation_13_user_2,207e5c150876f9fdf3da7dc2957e0d20afa2c944ee4147a335ad6737ab3e5ec3,My favorite color is black.,Preferences_Interests
conversation_13_user_2,207e5c150876f9fdf3da7dc2957e0d20afa2c944ee4147a335ad6737ab3e5ec3,I own an iphone.,Uncategorized
conversation_14_user_1,b2ff3bf8fc633a39a9d7552484b9fd6f8069719a4ffed67e995824932864ca39,I am tall.,Personality_Traits
conversation_14_user_1,b2ff3bf8fc633a39a9d7552484b9fd6f8069719a4ffed67e995824932864ca39,I spend my free time volunteering at nursing homes.,Uncategorized
conversation_14_user_1,b2ff3bf8fc633a39a9d7552484b9fd6f8069719a4ffed67e995824932864ca39,I like to water ski.,Preferences_Interests
conversation_14_user_1,b2ff3bf8fc633a39a9d7552484b9fd6f8069719a4ffed67e995824932864ca39,My favorite color is red.,Preferences_Interests
conversation_14_user_2,82b3a3e921d7652449b066a7610c6315db561c5de33434b4754fb668311704d8,My favorite color is red.,Preferences_Interests
conversation_14_user_2,82b3a3e921d7652449b066a7610c6315db561c5de33434b4754fb668311704d8,I live with my parents.,Personal_Background
conversation_14_user_2,82b3a3e921d7652449b066a7610c6315db561c5de33434b4754fb668311704d8,I prefer headsets over earbuds.,Uncategorized
conversation_14_user_2,82b3a3e921d7652449b066a7610c6315db561c5de33434b4754fb668311704d8,I travel often.,Preferences_Interests
conversation_14_user_2,82b3a3e921d7652449b066a7610c6315db561c5de33434b4754fb668311704d8,I ve an iphone.,Uncategorized
conversation_15_user_1,61ff0c5821f6a1a3c51f89885185dbc76d7f41334e0341e90a791b90a6ff1315,I am tall.,Personality_Traits
conversation_15_user_1,61ff0c5821f6a1a3c51f89885185dbc76d7f41334e0341e90a791b90a6ff1315,I spend my free time volunteering at nursing homes.,Uncategorized
conversation_15_user_1,61ff0c5821f6a1a3c51f89885185dbc76d7f41334e0341e90a791b90a6ff1315,My favorite color is red.,Preferences_Interests
conversation_15_user_1,61ff0c5821f6a1a3c51f89885185dbc76d7f41334e0341e90a791b90a6ff1315,My dad was a cop.,Personal_Background
conversation_15_user_1,61ff0c5821f6a1a3c51f89885185dbc76d7f41334e0341e90a791b90a6ff1315,I like to water ski.,Preferences_Interests
conversation_15_user_2,adc3518a1e6d80257a421eae15f242c0691ecdabbaac705a8c2148dd91c98841,I am an older guy.,Personality_Traits
conversation_15_user_2,adc3518a1e6d80257a421eae15f242c0691ecdabbaac705a8c2148dd91c98841,My favorite band is ween.,Preferences_Interests
conversation_15_user_2,adc3518a1e6d80257a421eae15f242c0691ecdabbaac705a8c2148dd91c98841,I love to work in my garden.,"Personal_Background, Personality_Traits"
conversation_15_user_2,adc3518a1e6d80257a421eae15f242c0691ecdabbaac705a8c2148dd91c98841,I like to create art.,Preferences_Interests
conversation_16_user_1,1dfac8221111bafb7ca6071bc532046a92446bcce38426b346909e78572ba53a,I am thin.,Personality_Traits
conversation_16_user_1,1dfac8221111bafb7ca6071bc532046a92446bcce38426b346909e78572ba53a,I like to hunt.,Preferences_Interests
conversation_16_user_1,1dfac8221111bafb7ca6071bc532046a92446bcce38426b346909e78572ba53a,I am blonde.,Personality_Traits
conversation_16_user_1,1dfac8221111bafb7ca6071bc532046a92446bcce38426b346909e78572ba53a,I like the tv show the walking dead.,Preferences_Interests
conversation_16_user_1,1dfac8221111bafb7ca6071bc532046a92446bcce38426b346909e78572ba53a,I love the tigers baseball team.,"Preferences_Interests, Personality_Traits, Social_Relationships"
conversation_16_user_2,008409718d8988ca27ee327ebc54b2e64c7d4ca64e5044b6d3ac907d047cf2f7,I live at home with my dad and brother.,"Demographics, Personal_Background"
conversation_16_user_2,008409718d8988ca27ee327ebc54b2e64c7d4ca64e5044b6d3ac907d047cf2f7,I have a cat.,Uncategorized
conversation_16_user_2,008409718d8988ca27ee327ebc54b2e64c7d4ca64e5044b6d3ac907d047cf2f7,I hope to move out soon.,Goals_Aspirations
conversation_16_user_2,008409718d8988ca27ee327ebc54b2e64c7d4ca64e5044b6d3ac907d047cf2f7,I have depression and anxiety so i don t really go out a lot.,Personality_Traits
conversation_16_user_2,008409718d8988ca27ee327ebc54b2e64c7d4ca64e5044b6d3ac907d047cf2f7,"I work at home , editing.",Personal_Background
conversation_17_user_1,7f962306b2f4a5b43abf2fca38e7b27605bcc6577238fa41a14fd0d2f78ec531,I am thin.,Personality_Traits
conversation_17_user_1,7f962306b2f4a5b43abf2fca38e7b27605bcc6577238fa41a14fd0d2f78ec531,I like to hunt.,Preferences_Interests
conversation_17_user_1,7f962306b2f4a5b43abf2fca38e7b27605bcc6577238fa41a14fd0d2f78ec531,I love the tigers baseball team.,"Preferences_Interests, Personality_Traits, Social_Relationships"
conversation_17_user_1,7f962306b2f4a5b43abf2fca38e7b27605bcc6577238fa41a14fd0d2f78ec531,I am blonde.,Personality_Traits
conversation_17_user_1,7f962306b2f4a5b43abf2fca38e7b27605bcc6577238fa41a14fd0d2f78ec531,I like the tv show the walking dead.,Preferences_Interests
conversation_17_user_2,061695fcffeaf59cfd796925cacf119a8b5f7d0f7225499657f8b7c3bac7aae3,I love animals.,Personality_Traits
conversation_17_user_2,061695fcffeaf59cfd796925cacf119a8b5f7d0f7225499657f8b7c3bac7aae3,"I have a farm with pigs , horses and hens.",Uncategorized
conversation_17_user_2,061695fcffeaf59cfd796925cacf119a8b5f7d0f7225499657f8b7c3bac7aae3,I love country music.,"Preferences_Interests, Personality_Traits"
conversation_17_user_2,061695fcffeaf59cfd796925cacf119a8b5f7d0f7225499657f8b7c3bac7aae3,I love dancing.,Personality_Traits
conversation_17_user_2,061695fcffeaf59cfd796925cacf119a8b5f7d0f7225499657f8b7c3bac7aae3,I am a vegan.,Personality_Traits
conversation_18_user_1,f5c7742914ca9326ed8150a9d512153c26c013352f54e01ee96eeb9e5d9eef9d,I am thin.,Personality_Traits
conversation_18_user_1,f5c7742914ca9326ed8150a9d512153c26c013352f54e01ee96eeb9e5d9eef9d,I like the tv show the walking dead.,Preferences_Interests
conversation_18_user_1,f5c7742914ca9326ed8150a9d512153c26c013352f54e01ee96eeb9e5d9eef9d,I like to hunt.,Preferences_Interests
conversation_18_user_1,f5c7742914ca9326ed8150a9d512153c26c013352f54e01ee96eeb9e5d9eef9d,I love the tigers baseball team.,"Preferences_Interests, Personality_Traits, Social_Relationships"
conversation_18_user_2,6f6983fc04b0a0c1181a27f7eb80fc9b33bcbb029605e1ad999e98232c22025d,"I always seem to be losing things , most recently , my mind.",Habits_Routines
conversation_18_user_2,6f6983fc04b0a0c1181a27f7eb80fc9b33bcbb029605e1ad999e98232c22025d,I enjoy hiking on glaciers.,Preferences_Interests
conversation_18_user_2,6f6983fc04b0a0c1181a27f7eb80fc9b33bcbb029605e1ad999e98232c22025d,Marduk is my favorite band.,Preferences_Interests
conversation_18_user_2,6f6983fc04b0a0c1181a27f7eb80fc9b33bcbb029605e1ad999e98232c22025d,I recently moved to sweden.,Demographics
conversation_19_user_1,bcbdc50ad92132be81615e83116044c51a6e9785bc95374f365d0760e7cd575a,I m dumpy.,Uncategorized
conversation_19_user_1,bcbdc50ad92132be81615e83116044c51a6e9785bc95374f365d0760e7cd575a,I have long fingers.,Uncategorized
conversation_19_user_1,bcbdc50ad92132be81615e83116044c51a6e9785bc95374f365d0760e7cd575a,I can t eat shrimp.,Preferences_Interests
conversation_19_user_1,bcbdc50ad92132be81615e83116044c51a6e9785bc95374f365d0760e7cd575a,Like a skeleton.,Preferences_Interests
conversation_19_user_1,bcbdc50ad92132be81615e83116044c51a6e9785bc95374f365d0760e7cd575a,I have long legs.,Uncategorized
conversation_19_user_2,08f403c8693ce89625ac5277103d9435062faa3296ae866acada3a1fa5dcaea6,I have a twin brother.,Personal_Background
conversation_19_user_2,08f403c8693ce89625ac5277103d9435062faa3296ae866acada3a1fa5dcaea6,My favorite book is david copperfield.,Preferences_Interests
conversation_19_user_2,08f403c8693ce89625ac5277103d9435062faa3296ae866acada3a1fa5dcaea6,I m really short.,Uncategorized
conversation_19_user_2,08f403c8693ce89625ac5277103d9435062faa3296ae866acada3a1fa5dcaea6,I love to bake cakes.,Personality_Traits
conversation_20_user_1,48003ae39ebd3efe5e6ed7374bc7d876ad181ab076efc23ffc5ddfa84bafd45d,I m funny.,Personality_Traits
conversation_20_user_1,48003ae39ebd3efe5e6ed7374bc7d876ad181ab076efc23ffc5ddfa84bafd45d,I can draw.,Preferences_Interests
conversation_20_user_1,48003ae39ebd3efe5e6ed7374bc7d876ad181ab076efc23ffc5ddfa84bafd45d,I have sausage fingers.,Uncategorized
conversation_20_user_1,48003ae39ebd3efe5e6ed7374bc7d876ad181ab076efc23ffc5ddfa84bafd45d,I like sprite soda.,Preferences_Interests
conversation_20_user_2,83e8ed5ea6eaee5e37349d24ef0b1c657bbaa2ef8e4aaa08655949fe6b9a7c9f,I live in vermont.,Demographics
conversation_20_user_2,83e8ed5ea6eaee5e37349d24ef0b1c657bbaa2ef8e4aaa08655949fe6b9a7c9f,I love to hike.,"Preferences_Interests, Personality_Traits"
conversation_20_user_2,83e8ed5ea6eaee5e37349d24ef0b1c657bbaa2ef8e4aaa08655949fe6b9a7c9f,I also like to mountain bike.,Preferences_Interests
conversation_20_user_2,83e8ed5ea6eaee5e37349d24ef0b1c657bbaa2ef8e4aaa08655949fe6b9a7c9f,I have visited 12 national parks in the us.,Uncategorized
conversation_20_user_2,83e8ed5ea6eaee5e37349d24ef0b1c657bbaa2ef8e4aaa08655949fe6b9a7c9f,I am an environmental activist.,Personality_Traits
conversation_21_user_1,e43f26597a865bd084e06cb5b7e2975636f1e7bc7a0b95745fd3e41031be9b35,I am a man.,Demographics
conversation_21_user_1,e43f26597a865bd084e06cb5b7e2975636f1e7bc7a0b95745fd3e41031be9b35,I am not healthy.,Habits_Routines
conversation_21_user_1,e43f26597a865bd084e06cb5b7e2975636f1e7bc7a0b95745fd3e41031be9b35,I like the movie godfather.,Preferences_Interests
conversation_21_user_1,e43f26597a865bd084e06cb5b7e2975636f1e7bc7a0b95745fd3e41031be9b35,I weight 300 pounds.,Uncategorized
conversation_21_user_1,e43f26597a865bd084e06cb5b7e2975636f1e7bc7a0b95745fd3e41031be9b35,I like candy and soda.,Preferences_Interests
conversation_21_user_2,0c9cc8f0bdfc15156373847912461e2ec4384003b4b53af4cbd7efdc0964ddfd,I love my dog.,Personality_Traits
conversation_21_user_2,0c9cc8f0bdfc15156373847912461e2ec4384003b4b53af4cbd7efdc0964ddfd,Wedding cakes are my specialty.,Uncategorized
conversation_21_user_2,0c9cc8f0bdfc15156373847912461e2ec4384003b4b53af4cbd7efdc0964ddfd,I like baking.,Preferences_Interests
conversation_21_user_2,0c9cc8f0bdfc15156373847912461e2ec4384003b4b53af4cbd7efdc0964ddfd,I enjoy walking around the park.,Preferences_Interests
conversation_21_user_2,0c9cc8f0bdfc15156373847912461e2ec4384003b4b53af4cbd7efdc0964ddfd,I go to the theater to watch plays.,Preferences_Interests
conversation_22_user_1,b8af54462f41d16cac2111230166681cb6b1e262da92e550c1872672971d4af5,I am a man.,Demographics
conversation_22_user_1,b8af54462f41d16cac2111230166681cb6b1e262da92e550c1872672971d4af5,I work on trucks.,Personal_Background
conversation_22_user_1,b8af54462f41d16cac2111230166681cb6b1e262da92e550c1872672971d4af5,I have a doberman.,Uncategorized
conversation_22_user_1,b8af54462f41d16cac2111230166681cb6b1e262da92e550c1872672971d4af5,I am twenty five years old.,Demographics
conversation_22_user_1,b8af54462f41d16cac2111230166681cb6b1e262da92e550c1872672971d4af5,My favorite food is pizza.,Preferences_Interests
conversation_22_user_2,7884661dcab3ff2f59c6a839d56cced6b957f6a96c2e372bf84d08639c44bcec,I listen to katie perry while in the shower.,Preferences_Interests
conversation_22_user_2,7884661dcab3ff2f59c6a839d56cced6b957f6a96c2e372bf84d08639c44bcec,I m a breath of fresh air.,Uncategorized
conversation_22_user_2,7884661dcab3ff2f59c6a839d56cced6b957f6a96c2e372bf84d08639c44bcec,I drive a yellow convertible in the rain.,Uncategorized
conversation_22_user_2,7884661dcab3ff2f59c6a839d56cced6b957f6a96c2e372bf84d08639c44bcec,I work as a lifeguard at a beach.,Personal_Background
conversation_23_user_1,1af72c6d27344d2fc659d80e9651e658306fcb9ebc6e2544bb0e0d619fb8ebd7,I am a man.,Demographics
conversation_23_user_1,1af72c6d27344d2fc659d80e9651e658306fcb9ebc6e2544bb0e0d619fb8ebd7,I have a doberman.,Uncategorized
conversation_23_user_1,1af72c6d27344d2fc659d80e9651e658306fcb9ebc6e2544bb0e0d619fb8ebd7,I work on trucks.,Personal_Background
conversation_23_user_1,1af72c6d27344d2fc659d80e9651e658306fcb9ebc6e2544bb0e0d619fb8ebd7,I am twenty five years old.,Demographics
conversation_23_user_2,bbc82c215be0889746ad73403a975671d3e6e6de009b6c4817484e24c7b19967,I like to bowl.,Preferences_Interests
conversation_23_user_2,bbc82c215be0889746ad73403a975671d3e6e6de009b6c4817484e24c7b19967,I am a pediatrician.,Personality_Traits
conversation_23_user_2,bbc82c215be0889746ad73403a975671d3e6e6de009b6c4817484e24c7b19967,I am a family man.,"Demographics, Personal_Background"
conversation_23_user_2,bbc82c215be0889746ad73403a975671d3e6e6de009b6c4817484e24c7b19967,I am married with 2 children.,"Demographics, Personal_Background"
conversation_23_user_2,bbc82c215be0889746ad73403a975671d3e6e6de009b6c4817484e24c7b19967,I spend as much time as i can with my family.,Personal_Background
conversation_24_user_1,f68103f460c680cd2702e0d283ab181ef72e1b85acf0254a0e43d4710a4bdcbd,I am a man.,Demographics
conversation_24_user_1,f68103f460c680cd2702e0d283ab181ef72e1b85acf0254a0e43d4710a4bdcbd,My favorite food is pizza.,Preferences_Interests
conversation_24_user_1,f68103f460c680cd2702e0d283ab181ef72e1b85acf0254a0e43d4710a4bdcbd,I work on trucks.,Personal_Background
conversation_24_user_1,f68103f460c680cd2702e0d283ab181ef72e1b85acf0254a0e43d4710a4bdcbd,I have a doberman.,Uncategorized
conversation_24_user_2,1fa371f451d305bcd9cf404abb10a21bf9fb692f3e9a47020fde6d9aaa75ac1c,I play bingo every wednesday with my husband.,"Personal_Background, Preferences_Interests"
conversation_24_user_2,1fa371f451d305bcd9cf404abb10a21bf9fb692f3e9a47020fde6d9aaa75ac1c,I have 3 dogs and a parrot.,Uncategorized
conversation_24_user_2,1fa371f451d305bcd9cf404abb10a21bf9fb692f3e9a47020fde6d9aaa75ac1c,My left knee is filled with metal.,Uncategorized
conversation_24_user_2,1fa371f451d305bcd9cf404abb10a21bf9fb692f3e9a47020fde6d9aaa75ac1c,I enjoy jazz music from when i was a girl.,"Demographics, Preferences_Interests"
conversation_24_user_2,1fa371f451d305bcd9cf404abb10a21bf9fb692f3e9a47020fde6d9aaa75ac1c,My family means the world to me.,"Personal_Background, Personality_Traits"
conversation_25_user_1,6733bd96a8ce72623ed31ced7859056ae65f56ed34e0c3fb4f2fe2a78b9bb63c,I am blind.,Personality_Traits
conversation_25_user_1,6733bd96a8ce72623ed31ced7859056ae65f56ed34e0c3fb4f2fe2a78b9bb63c,I use a cane to help me get around.,Uncategorized
conversation_25_user_1,6733bd96a8ce72623ed31ced7859056ae65f56ed34e0c3fb4f2fe2a78b9bb63c,I have many friends.,Social_Relationships
conversation_25_user_1,6733bd96a8ce72623ed31ced7859056ae65f56ed34e0c3fb4f2fe2a78b9bb63c,I have a job as a dj at a radio station.,Personal_Background
conversation_25_user_2,a63111806d6e543c2c9b98e9a876a02f98120b5f86c93e64120e4f273d626fda,My parents are divorced.,"Demographics, Personal_Background"
conversation_25_user_2,a63111806d6e543c2c9b98e9a876a02f98120b5f86c93e64120e4f273d626fda,I am engaged to be married.,Demographics
conversation_25_user_2,a63111806d6e543c2c9b98e9a876a02f98120b5f86c93e64120e4f273d626fda,I am a history buff.,Personality_Traits
conversation_26_user_1,8866fb9e9fb476759fe6b3d473f1a5e8dbd288fe4cf645c3def5ba1573e19a94,I am blind.,Personality_Traits
conversation_26_user_1,8866fb9e9fb476759fe6b3d473f1a5e8dbd288fe4cf645c3def5ba1573e19a94,I once drove a car ! my friend told me what to do while i drove.,Social_Relationships
conversation_26_user_1,8866fb9e9fb476759fe6b3d473f1a5e8dbd288fe4cf645c3def5ba1573e19a94,I have many friends.,Social_Relationships
conversation_26_user_1,8866fb9e9fb476759fe6b3d473f1a5e8dbd288fe4cf645c3def5ba1573e19a94,I have a job as a dj at a radio station.,Personal_Background
conversation_26_user_1,8866fb9e9fb476759fe6b3d473f1a5e8dbd288fe4cf645c3def5ba1573e19a94,I use a cane to help me get around.,Uncategorized
conversation_26_user_2,499476fb80fcf19e84134b544147f2c37c970be35346edfc0b5858858b767921,I like to garden.,Preferences_Interests
conversation_26_user_2,499476fb80fcf19e84134b544147f2c37c970be35346edfc0b5858858b767921,I am a teacher.,Personal_Background
conversation_26_user_2,499476fb80fcf19e84134b544147f2c37c970be35346edfc0b5858858b767921,I live in the suburbs of a major city.,"Demographics, Personal_Background"
conversation_26_user_2,499476fb80fcf19e84134b544147f2c37c970be35346edfc0b5858858b767921,I have three children.,Personal_Background
conversation_27_user_1,bdddb878d2f3a6d29abb0344d89768177e76f47ae644694ad565edacfc57f3ad,I am blind.,Personality_Traits
conversation_27_user_1,bdddb878d2f3a6d29abb0344d89768177e76f47ae644694ad565edacfc57f3ad,I once drove a car ! my friend told me what to do while i drove.,Social_Relationships
conversation_27_user_1,bdddb878d2f3a6d29abb0344d89768177e76f47ae644694ad565edacfc57f3ad,I use a cane to help me get around.,Uncategorized
conversation_27_user_1,bdddb878d2f3a6d29abb0344d89768177e76f47ae644694ad565edacfc57f3ad,I have a job as a dj at a radio station.,Personal_Background
conversation_27_user_2,a77596d32737eff6a08cd8ae33463aa51792cf099aaec40eee96616824d456e9,I drive a truck for a living.,Uncategorized
conversation_27_user_2,a77596d32737eff6a08cd8ae33463aa51792cf099aaec40eee96616824d456e9,I recently bought a camper.,Uncategorized
conversation_27_user_2,a77596d32737eff6a08cd8ae33463aa51792cf099aaec40eee96616824d456e9,I am former military.,Personality_Traits
conversation_27_user_2,a77596d32737eff6a08cd8ae33463aa51792cf099aaec40eee96616824d456e9,I exercise 4 times a week.,"Preferences_Interests, Habits_Routines"
conversation_27_user_2,a77596d32737eff6a08cd8ae33463aa51792cf099aaec40eee96616824d456e9,My favorite sport is football.,Preferences_Interests
conversation_28_user_1,5b0e6c869827119dd811314ef29b7fe812c7e9de8f386615c1b997338c7aa7ab,I am blind.,Personality_Traits
conversation_28_user_1,5b0e6c869827119dd811314ef29b7fe812c7e9de8f386615c1b997338c7aa7ab,I once drove a car ! my friend told me what to do while i drove.,Social_Relationships
conversation_28_user_1,5b0e6c869827119dd811314ef29b7fe812c7e9de8f386615c1b997338c7aa7ab,I have a job as a dj at a radio station.,Personal_Background
conversation_28_user_1,5b0e6c869827119dd811314ef29b7fe812c7e9de8f386615c1b997338c7aa7ab,I have many friends.,Social_Relationships
conversation_28_user_2,7c52c66f6fbdef35cdd2a35697629349e2cd4bdb191c67799e3e5c1e20723094,Sometimes i volunteer at the soup kitchen.,Habits_Routines
conversation_28_user_2,7c52c66f6fbdef35cdd2a35697629349e2cd4bdb191c67799e3e5c1e20723094,When i retire i want to open a bakery.,Goals_Aspirations
conversation_28_user_2,7c52c66f6fbdef35cdd2a35697629349e2cd4bdb191c67799e3e5c1e20723094,I like to cook.,Preferences_Interests
conversation_28_user_2,7c52c66f6fbdef35cdd2a35697629349e2cd4bdb191c67799e3e5c1e20723094,I work 9 to 5 job.,Personal_Background
conversation_28_user_2,7c52c66f6fbdef35cdd2a35697629349e2cd4bdb191c67799e3e5c1e20723094,My family owned a small restaurant.,"Personal_Background, Preferences_Interests"
conversation_29_user_1,a45d606beade75e4dc127446dcc5e6e74705d7b3d3fb1192aab13865e44056f4,I am dumpy.,Personality_Traits
conversation_29_user_1,a45d606beade75e4dc127446dcc5e6e74705d7b3d3fb1192aab13865e44056f4,Like a skeleton.,Preferences_Interests
conversation_29_user_1,a45d606beade75e4dc127446dcc5e6e74705d7b3d3fb1192aab13865e44056f4,I have long legs.,Uncategorized
conversation_29_user_1,a45d606beade75e4dc127446dcc5e6e74705d7b3d3fb1192aab13865e44056f4,I have long fingers.,Uncategorized
conversation_29_user_1,a45d606beade75e4dc127446dcc5e6e74705d7b3d3fb1192aab13865e44056f4,I cannot eat shrimp.,Preferences_Interests
conversation_29_user_2,497555c6645fd5375dafb71d4bff7a84460ac403293f3464c51753138c2e509b,I am very popular and have a lot of friends.,Social_Relationships
conversation_29_user_2,497555c6645fd5375dafb71d4bff7a84460ac403293f3464c51753138c2e509b,I am an excellent student.,Personal_Background
conversation_29_user_2,497555c6645fd5375dafb71d4bff7a84460ac403293f3464c51753138c2e509b,My parents are divorced.,"Demographics, Personal_Background"
conversation_30_user_1,2582e20294d5d8946422a85a11584176cc32a29a259cbd01afaf95f692c69554,I am funny.,Personality_Traits
conversation_30_user_1,2582e20294d5d8946422a85a11584176cc32a29a259cbd01afaf95f692c69554,I have sausage fingers.,Uncategorized
conversation_30_user_1,2582e20294d5d8946422a85a11584176cc32a29a259cbd01afaf95f692c69554,I can draw.,Preferences_Interests
conversation_30_user_1,2582e20294d5d8946422a85a11584176cc32a29a259cbd01afaf95f692c69554,I am bloated.,Personality_Traits
conversation_30_user_2,972ae8bd300fa3b4e9982aaf2af740fffa50256b2e3bd563b12318e8f70e75da,I was a wild child in my younger years.,Personal_Background
conversation_30_user_2,972ae8bd300fa3b4e9982aaf2af740fffa50256b2e3bd563b12318e8f70e75da,My grand children mean the world to me.,"Personal_Background, Personality_Traits"
conversation_30_user_2,972ae8bd300fa3b4e9982aaf2af740fffa50256b2e3bd563b12318e8f70e75da,I am an avid quilter.,Personality_Traits
conversation_30_user_2,972ae8bd300fa3b4e9982aaf2af740fffa50256b2e3bd563b12318e8f70e75da,I am a pharmacist.,Personality_Traits
conversation_31_user_1,6c2355bb34d8c39318f440bd52b9cebdad0d44b544c210ea1b8b31cab50291e5,I am funny.,Personality_Traits
conversation_31_user_1,6c2355bb34d8c39318f440bd52b9cebdad0d44b544c210ea1b8b31cab50291e5,I have sausage fingers.,Uncategorized
conversation_31_user_1,6c2355bb34d8c39318f440bd52b9cebdad0d44b544c210ea1b8b31cab50291e5,I like sprite soda.,Preferences_Interests
conversation_31_user_1,6c2355bb34d8c39318f440bd52b9cebdad0d44b544c210ea1b8b31cab50291e5,I am bloated.,Personality_Traits
conversation_31_user_1,6c2355bb34d8c39318f440bd52b9cebdad0d44b544c210ea1b8b31cab50291e5,I can draw.,Preferences_Interests
conversation_31_user_2,2fbcb8b8c882b281e6865de11172b499da8065e2ee29bbff6664bb4d0652deb6,I love mac and cheese.,Personality_Traits
conversation_31_user_2,2fbcb8b8c882b281e6865de11172b499da8065e2ee29bbff6664bb4d0652deb6,I like to watch tv.,Preferences_Interests
conversation_31_user_2,2fbcb8b8c882b281e6865de11172b499da8065e2ee29bbff6664bb4d0652deb6,I like to sit on couch all day.,Preferences_Interests
conversation_31_user_2,2fbcb8b8c882b281e6865de11172b499da8065e2ee29bbff6664bb4d0652deb6,I make cars for a living.,Preferences_Interests
conversation_31_user_2,2fbcb8b8c882b281e6865de11172b499da8065e2ee29bbff6664bb4d0652deb6,I make 30k a year.,Preferences_Interests
conversation_32_user_1,15dca58e1aaa2b1fec0c642556afbe36fc721d63b23e8832dc11e48b2a422c74,I am nurse.,Personality_Traits
conversation_32_user_1,15dca58e1aaa2b1fec0c642556afbe36fc721d63b23e8832dc11e48b2a422c74,I play the violin.,Preferences_Interests
conversation_32_user_1,15dca58e1aaa2b1fec0c642556afbe36fc721d63b23e8832dc11e48b2a422c74,I like to visit national parks.,Preferences_Interests
conversation_32_user_1,15dca58e1aaa2b1fec0c642556afbe36fc721d63b23e8832dc11e48b2a422c74,I met my husband when i was a freshman in college.,Personal_Background
conversation_32_user_2,be28fdbe7fe183a68d5ace72bbe32485b86b8003bef881d664efea948556cd50,I try not to think about death.,Uncategorized
conversation_32_user_2,be28fdbe7fe183a68d5ace72bbe32485b86b8003bef881d664efea948556cd50,I love to put a smile on peoples faces.,Personality_Traits
conversation_32_user_2,be28fdbe7fe183a68d5ace72bbe32485b86b8003bef881d664efea948556cd50,I am a very bad liar.,Personality_Traits
conversation_32_user_2,be28fdbe7fe183a68d5ace72bbe32485b86b8003bef881d664efea948556cd50,I am obsessed with filming.,Personality_Traits
conversation_33_user_1,878cad1fe77332271b9a043358e246efdc064258fad32648dff0439d70e8f39b,I am short.,Personality_Traits
conversation_33_user_1,878cad1fe77332271b9a043358e246efdc064258fad32648dff0439d70e8f39b,I am smart too.,Personality_Traits
conversation_33_user_1,878cad1fe77332271b9a043358e246efdc064258fad32648dff0439d70e8f39b,I like reading.,Preferences_Interests
conversation_33_user_1,878cad1fe77332271b9a043358e246efdc064258fad32648dff0439d70e8f39b,I have big face cheeks.,Uncategorized
conversation_33_user_1,878cad1fe77332271b9a043358e246efdc064258fad32648dff0439d70e8f39b,I am also round.,Personality_Traits
conversation_33_user_2,d97a8d6231b5288d92f753067bda4945547eae39a2c4f91f4fdfc46f251de8f1,I like the movie godfather.,Preferences_Interests
conversation_33_user_2,d97a8d6231b5288d92f753067bda4945547eae39a2c4f91f4fdfc46f251de8f1,I like candy and soda.,Preferences_Interests
conversation_33_user_2,d97a8d6231b5288d92f753067bda4945547eae39a2c4f91f4fdfc46f251de8f1,I am a man.,Demographics
conversation_33_user_2,d97a8d6231b5288d92f753067bda4945547eae39a2c4f91f4fdfc46f251de8f1,I weight 300 pounds.,Uncategorized
conversation_33_user_2,d97a8d6231b5288d92f753067bda4945547eae39a2c4f91f4fdfc46f251de8f1,I am not healthy.,Habits_Routines
conversation_34_user_1,8f74e5dc461db6caefd1660f3d392cc3aaac360c2355510126f1456ab8e3fbbe,I am short.,Personality_Traits
conversation_34_user_1,8f74e5dc461db6caefd1660f3d392cc3aaac360c2355510126f1456ab8e3fbbe,I am smart too.,Personality_Traits
conversation_34_user_1,8f74e5dc461db6caefd1660f3d392cc3aaac360c2355510126f1456ab8e3fbbe,I have big face cheeks.,Uncategorized
conversation_34_user_1,8f74e5dc461db6caefd1660f3d392cc3aaac360c2355510126f1456ab8e3fbbe,I like reading.,Preferences_Interests
conversation_34_user_2,9aced2fee387277827022089d098960dcfb394c0cb85bb74f0331ace510085ad,I am from california.,Demographics
conversation_34_user_2,9aced2fee387277827022089d098960dcfb394c0cb85bb74f0331ace510085ad,I like to shop at goodwill.,Preferences_Interests
conversation_34_user_2,9aced2fee387277827022089d098960dcfb394c0cb85bb74f0331ace510085ad,I am a student.,Personal_Background
conversation_34_user_2,9aced2fee387277827022089d098960dcfb394c0cb85bb74f0331ace510085ad,I like to be outdoors.,Preferences_Interests
conversation_35_user_1,be541fb7243609545798e280e995766c0b455f92ca78f4e513dc2c55ba8324f5,I am short.,Personality_Traits
conversation_35_user_1,be541fb7243609545798e280e995766c0b455f92ca78f4e513dc2c55ba8324f5,My hair is brown.,Uncategorized
conversation_35_user_1,be541fb7243609545798e280e995766c0b455f92ca78f4e513dc2c55ba8324f5,I am not thin.,Personality_Traits
conversation_35_user_1,be541fb7243609545798e280e995766c0b455f92ca78f4e513dc2c55ba8324f5,I like to sew.,Preferences_Interests
conversation_35_user_2,64fde5a2dd2179194577100b45ff46fe5e9e37beaa680f14db1740d641a05f0d,I ve started creating my own comics and presenting them to publishers.,Preferences_Interests
conversation_35_user_2,64fde5a2dd2179194577100b45ff46fe5e9e37beaa680f14db1740d641a05f0d,I ve been rejected several times and thought of giving up with this.,Uncategorized
conversation_35_user_2,64fde5a2dd2179194577100b45ff46fe5e9e37beaa680f14db1740d641a05f0d,And also love drawing.,"Preferences_Interests, Personality_Traits"
conversation_35_user_2,64fde5a2dd2179194577100b45ff46fe5e9e37beaa680f14db1740d641a05f0d,I love comics.,Personality_Traits
conversation_36_user_1,757bf623980cad5df967460084d29a77eba7959e9ddb852f7734032125797f77,I am short.,Personality_Traits
conversation_36_user_1,757bf623980cad5df967460084d29a77eba7959e9ddb852f7734032125797f77,I have big face cheeks.,Uncategorized
conversation_36_user_1,757bf623980cad5df967460084d29a77eba7959e9ddb852f7734032125797f77,I am also round.,Personality_Traits
conversation_36_user_1,757bf623980cad5df967460084d29a77eba7959e9ddb852f7734032125797f77,I like reading.,Preferences_Interests
conversation_36_user_2,dfaa6a17c5f35ea11ccd1ac65918ed6e5d026eb883dff896ce180d8144a2ff06,I love to write stories while sitting in the grass in my back yard.,Personality_Traits
conversation_36_user_2,dfaa6a17c5f35ea11ccd1ac65918ed6e5d026eb883dff896ce180d8144a2ff06,I like to drink green tea.,Preferences_Interests
conversation_36_user_2,dfaa6a17c5f35ea11ccd1ac65918ed6e5d026eb883dff896ce180d8144a2ff06,I enjoy watching mystery movies.,Preferences_Interests
conversation_36_user_2,dfaa6a17c5f35ea11ccd1ac65918ed6e5d026eb883dff896ce180d8144a2ff06,I like to run so that i can clear my head.,Preferences_Interests
conversation_37_user_1,345e2c6c44f6cc7f77d879f0aeb1712874fa55ff909b7409b8aa2acd16f89436,I am vegan.,Personality_Traits
conversation_37_user_1,345e2c6c44f6cc7f77d879f0aeb1712874fa55ff909b7409b8aa2acd16f89436,My father is a mechanic.,Personal_Background
conversation_37_user_1,345e2c6c44f6cc7f77d879f0aeb1712874fa55ff909b7409b8aa2acd16f89436,I work at walmart as a stocker.,Personal_Background
conversation_37_user_1,345e2c6c44f6cc7f77d879f0aeb1712874fa55ff909b7409b8aa2acd16f89436,My favorite band is muse.,Preferences_Interests
conversation_37_user_2,7881c02ed7a06fdd72372a05e60b136d12ce5a84457931551a9e8316dfec6b83,I love dogs.,Personality_Traits
conversation_37_user_2,7881c02ed7a06fdd72372a05e60b136d12ce5a84457931551a9e8316dfec6b83,I like to fish.,Preferences_Interests
conversation_37_user_2,7881c02ed7a06fdd72372a05e60b136d12ce5a84457931551a9e8316dfec6b83,My dad was a carsalesman.,Personal_Background
conversation_37_user_2,7881c02ed7a06fdd72372a05e60b136d12ce5a84457931551a9e8316dfec6b83,I am a happy person.,Personality_Traits
conversation_39_user_1,c42c01c6e5744abcd0d17aa052f0c6a40df6b96b999f26cf4f319962cbfbeb89,I am vegan.,Personality_Traits
conversation_39_user_1,c42c01c6e5744abcd0d17aa052f0c6a40df6b96b999f26cf4f319962cbfbeb89,I work at a retail store.,Personal_Background
conversation_39_user_1,c42c01c6e5744abcd0d17aa052f0c6a40df6b96b999f26cf4f319962cbfbeb89,I live close to the coast.,Demographics
conversation_39_user_1,c42c01c6e5744abcd0d17aa052f0c6a40df6b96b999f26cf4f319962cbfbeb89,I enjoy walking on the beach.,Preferences_Interests
conversation_39_user_1,c42c01c6e5744abcd0d17aa052f0c6a40df6b96b999f26cf4f319962cbfbeb89,I have red hair.,Uncategorized
conversation_39_user_2,efc9cfba073130a8acb15cfa8b2b52836fd590a8ddaa8e305c043e01c6bdf114,I live alone in my condo.,Demographics
conversation_39_user_2,efc9cfba073130a8acb15cfa8b2b52836fd590a8ddaa8e305c043e01c6bdf114,My favorite color is blue.,Preferences_Interests
conversation_39_user_2,efc9cfba073130a8acb15cfa8b2b52836fd590a8ddaa8e305c043e01c6bdf114,I love to ride my bike on the weekend.,"Preferences_Interests, Personality_Traits"
conversation_39_user_2,efc9cfba073130a8acb15cfa8b2b52836fd590a8ddaa8e305c043e01c6bdf114,I am an insurance salesman.,Personality_Traits
conversation_40_user_1,fd90662952a851909529b8ed0d39f26c25cbcfed2b5e15b3ae72881c88aa411d,I am vegan.,Personality_Traits
conversation_40_user_1,fd90662952a851909529b8ed0d39f26c25cbcfed2b5e15b3ae72881c88aa411d,My favorite band is muse.,Preferences_Interests
conversation_40_user_1,fd90662952a851909529b8ed0d39f26c25cbcfed2b5e15b3ae72881c88aa411d,I work at walmart as a stocker.,Personal_Background
conversation_40_user_1,fd90662952a851909529b8ed0d39f26c25cbcfed2b5e15b3ae72881c88aa411d,My father is a mechanic.,Personal_Background
conversation_40_user_2,c7f21003f5237942818be1390474c8428954dcc8f44d1c61931e657bcafb49ae,I love to chat with my friends.,"Personality_Traits, Social_Relationships"
conversation_40_user_2,c7f21003f5237942818be1390474c8428954dcc8f44d1c61931e657bcafb49ae,I like to go shopping with my daughters.,Personal_Background
conversation_40_user_2,c7f21003f5237942818be1390474c8428954dcc8f44d1c61931e657bcafb49ae,I love kids and dogs.,Personality_Traits
conversation_40_user_2,c7f21003f5237942818be1390474c8428954dcc8f44d1c61931e657bcafb49ae,I like to cook.,Preferences_Interests
conversation_40_user_2,c7f21003f5237942818be1390474c8428954dcc8f44d1c61931e657bcafb49ae,I am a foodie.,Personality_Traits
conversation_41_user_1,9d8497203b6e4e3549d64280dae6446edc91767fec09d02c3f42f53dd0da8dba,I am vegan.,Personality_Traits
conversation_41_user_1,9d8497203b6e4e3549d64280dae6446edc91767fec09d02c3f42f53dd0da8dba,I live close to the coast.,Demographics
conversation_41_user_1,9d8497203b6e4e3549d64280dae6446edc91767fec09d02c3f42f53dd0da8dba,I have red hair.,Uncategorized
conversation_41_user_1,9d8497203b6e4e3549d64280dae6446edc91767fec09d02c3f42f53dd0da8dba,I enjoy walking on the beach.,Preferences_Interests
conversation_41_user_1,9d8497203b6e4e3549d64280dae6446edc91767fec09d02c3f42f53dd0da8dba,I work at a retail store.,Personal_Background
conversation_41_user_2,198108b9d6a2b44203652196eada049d02d4995283d9eebdc6e99ed6f9b8b070,I sleep 8 hours.,Habits_Routines
conversation_41_user_2,198108b9d6a2b44203652196eada049d02d4995283d9eebdc6e99ed6f9b8b070,My mother looks after my grandmother.,Personal_Background
conversation_41_user_2,198108b9d6a2b44203652196eada049d02d4995283d9eebdc6e99ed6f9b8b070,I prefer texting over phone calls.,Uncategorized
conversation_41_user_2,198108b9d6a2b44203652196eada049d02d4995283d9eebdc6e99ed6f9b8b070,I use the computer all day.,Uncategorized
conversation_41_user_2,198108b9d6a2b44203652196eada049d02d4995283d9eebdc6e99ed6f9b8b070,I love hockey.,"Preferences_Interests, Personality_Traits"
conversation_42_user_1,a075d824dfb2a5c02f74b4607483f0c11ca278911420bcbac911aa814914ad22,I am vegan.,Personality_Traits
conversation_42_user_1,a075d824dfb2a5c02f74b4607483f0c11ca278911420bcbac911aa814914ad22,I love to go to the beach.,Personality_Traits
conversation_42_user_1,a075d824dfb2a5c02f74b4607483f0c11ca278911420bcbac911aa814914ad22,I have 2 cats.,Uncategorized
conversation_42_user_1,a075d824dfb2a5c02f74b4607483f0c11ca278911420bcbac911aa814914ad22,My favorite food is strawberries.,Preferences_Interests
conversation_42_user_1,a075d824dfb2a5c02f74b4607483f0c11ca278911420bcbac911aa814914ad22,I work in a veterinary office.,Personal_Background
conversation_42_user_2,d021ad19da051fdb7682c0b4275ff21197bef0105a168c1ece4512cc27374c3c,I almost always wear a t shirt and jeans.,Habits_Routines
conversation_42_user_2,d021ad19da051fdb7682c0b4275ff21197bef0105a168c1ece4512cc27374c3c,Skateboarding is a hobby of mine.,Preferences_Interests
conversation_42_user_2,d021ad19da051fdb7682c0b4275ff21197bef0105a168c1ece4512cc27374c3c,I go to college part time.,Personal_Background
conversation_42_user_2,d021ad19da051fdb7682c0b4275ff21197bef0105a168c1ece4512cc27374c3c,I have a crush on my co worker.,Personal_Background
conversation_42_user_2,d021ad19da051fdb7682c0b4275ff21197bef0105a168c1ece4512cc27374c3c,I love candy.,Personality_Traits
conversation_43_user_1,8ba23c4b7d9444f38c40b4223cb5281282588c4b24cf9ef4b1b4add2de2cdf6d,I am vegan.,Personality_Traits
conversation_43_user_1,8ba23c4b7d9444f38c40b4223cb5281282588c4b24cf9ef4b1b4add2de2cdf6d,I love to go to the beach.,Personality_Traits
conversation_43_user_1,8ba23c4b7d9444f38c40b4223cb5281282588c4b24cf9ef4b1b4add2de2cdf6d,My favorite food is strawberries.,Preferences_Interests
conversation_43_user_1,8ba23c4b7d9444f38c40b4223cb5281282588c4b24cf9ef4b1b4add2de2cdf6d,I work in a veterinary office.,Personal_Background
conversation_43_user_2,a80c2c4d2b5896abceb65c69ce401f7eda50088312ffcc1cc6235c0646c5f36f,"I have two kids , ages 2 and 6.",Demographics
conversation_43_user_2,a80c2c4d2b5896abceb65c69ce401f7eda50088312ffcc1cc6235c0646c5f36f,"I am from sterling heights , michigan.",Demographics
conversation_43_user_2,a80c2c4d2b5896abceb65c69ce401f7eda50088312ffcc1cc6235c0646c5f36f,I work part time at aldi s.,Personal_Background
conversation_43_user_2,a80c2c4d2b5896abceb65c69ce401f7eda50088312ffcc1cc6235c0646c5f36f,My favorite movie is titanic.,Preferences_Interests
conversation_43_user_2,a80c2c4d2b5896abceb65c69ce401f7eda50088312ffcc1cc6235c0646c5f36f,My husband owns a small auto repair shop.,Personal_Background
conversation_44_user_1,f5a54791ef186140f2d1b4dcaef4f52152da5179df37199034ab3ddd9291bdb6,I am vegan.,Personality_Traits
conversation_44_user_1,f5a54791ef186140f2d1b4dcaef4f52152da5179df37199034ab3ddd9291bdb6,I work at the grocery store.,Personal_Background
conversation_44_user_1,f5a54791ef186140f2d1b4dcaef4f52152da5179df37199034ab3ddd9291bdb6,I help around with bookkeeping and tours.,Preferences_Interests
conversation_44_user_1,f5a54791ef186140f2d1b4dcaef4f52152da5179df37199034ab3ddd9291bdb6,Sometimes i volunteer at an urban farm.,Habits_Routines
conversation_44_user_1,f5a54791ef186140f2d1b4dcaef4f52152da5179df37199034ab3ddd9291bdb6,I decided to become vegan a year ago.,Demographics
conversation_44_user_2,20059c5cf018c2eb5261e9a748a4f8ec906cbe881209313ff59fdbfb822dd587,My grandma is from denmark.,Demographics
conversation_44_user_2,20059c5cf018c2eb5261e9a748a4f8ec906cbe881209313ff59fdbfb822dd587,My favorite band used to be toto.,Preferences_Interests
conversation_44_user_2,20059c5cf018c2eb5261e9a748a4f8ec906cbe881209313ff59fdbfb822dd587,My car is green and smells weird.,Uncategorized
conversation_44_user_2,20059c5cf018c2eb5261e9a748a4f8ec906cbe881209313ff59fdbfb822dd587,My dogs name is toto.,Uncategorized
conversation_44_user_2,20059c5cf018c2eb5261e9a748a4f8ec906cbe881209313ff59fdbfb822dd587,My favorite food is meatloaf.,Preferences_Interests
conversation_45_user_1,13d95b2dd6620120510d0a6d90c88e32f520fa21bc52be27cabd7aa688708627,I am vegan.,Personality_Traits
conversation_45_user_1,13d95b2dd6620120510d0a6d90c88e32f520fa21bc52be27cabd7aa688708627,I enjoy walking on the beach.,Preferences_Interests
conversation_45_user_1,13d95b2dd6620120510d0a6d90c88e32f520fa21bc52be27cabd7aa688708627,I have red hair.,Uncategorized
conversation_45_user_1,13d95b2dd6620120510d0a6d90c88e32f520fa21bc52be27cabd7aa688708627,I live close to the coast.,Demographics
conversation_45_user_1,13d95b2dd6620120510d0a6d90c88e32f520fa21bc52be27cabd7aa688708627,I work at a retail store.,Personal_Background
conversation_45_user_2,69e27ab1293f46b7c50575293236130d96f185f1455d6756e8481ebd281f3f27,I love dogs.,Personality_Traits
conversation_45_user_2,69e27ab1293f46b7c50575293236130d96f185f1455d6756e8481ebd281f3f27,I love to cook.,"Preferences_Interests, Personality_Traits"
conversation_45_user_2,69e27ab1293f46b7c50575293236130d96f185f1455d6756e8481ebd281f3f27,My dad was a carsalesman.,Personal_Background
conversation_45_user_2,69e27ab1293f46b7c50575293236130d96f185f1455d6756e8481ebd281f3f27,I like to fish.,Preferences_Interests
conversation_45_user_2,69e27ab1293f46b7c50575293236130d96f185f1455d6756e8481ebd281f3f27,I am a happy person.,Personality_Traits
conversation_46_user_1,7b0d1e1cbd2a9c67b412d7003dd293dfee9a620282f2419743d6bfbefd2a896f,I am vegan.,Personality_Traits
conversation_46_user_1,7b0d1e1cbd2a9c67b412d7003dd293dfee9a620282f2419743d6bfbefd2a896f,I work in a veterinary office.,Personal_Background
conversation_46_user_1,7b0d1e1cbd2a9c67b412d7003dd293dfee9a620282f2419743d6bfbefd2a896f,My favorite food is strawberries.,Preferences_Interests
conversation_46_user_1,7b0d1e1cbd2a9c67b412d7003dd293dfee9a620282f2419743d6bfbefd2a896f,I love to go to the beach.,Personality_Traits
conversation_46_user_2,8a4fcee119fc3b18a0ea9d82a5c2a2797ae59065327565cb30eea0091b549e0b,I have 4 pets.,Uncategorized
conversation_46_user_2,8a4fcee119fc3b18a0ea9d82a5c2a2797ae59065327565cb30eea0091b549e0b,"I enjoy magic the gathering , it is a card game.","Preferences_Interests, Social_Relationships"
conversation_46_user_2,8a4fcee119fc3b18a0ea9d82a5c2a2797ae59065327565cb30eea0091b549e0b,My favorite food is jello.,Preferences_Interests
conversation_46_user_2,8a4fcee119fc3b18a0ea9d82a5c2a2797ae59065327565cb30eea0091b549e0b,I live in an apartment.,Demographics
conversation_46_user_2,8a4fcee119fc3b18a0ea9d82a5c2a2797ae59065327565cb30eea0091b549e0b,I can t whistle.,Uncategorized
conversation_47_user_1,af1c36b762f76e5eb860244b841a80e61a1ea1c44f81daf9215c18936da855a9,I am vegan.,Personality_Traits
conversation_47_user_1,af1c36b762f76e5eb860244b841a80e61a1ea1c44f81daf9215c18936da855a9,I work in a veterinary office.,Personal_Background
conversation_47_user_1,af1c36b762f76e5eb860244b841a80e61a1ea1c44f81daf9215c18936da855a9,My favorite food is strawberries.,Preferences_Interests
conversation_47_user_1,af1c36b762f76e5eb860244b841a80e61a1ea1c44f81daf9215c18936da855a9,I love to go to the beach.,Personality_Traits
conversation_47_user_1,af1c36b762f76e5eb860244b841a80e61a1ea1c44f81daf9215c18936da855a9,I have 2 cats.,Uncategorized
conversation_47_user_2,d2e83cca408b695a4799292d0b3ed19e34a8f06f81f24b2a1b1cfcf4eb7c34e7,I drive a nice car.,Personality_Traits
conversation_47_user_2,d2e83cca408b695a4799292d0b3ed19e34a8f06f81f24b2a1b1cfcf4eb7c34e7,I work all the time.,Personal_Background
conversation_47_user_2,d2e83cca408b695a4799292d0b3ed19e34a8f06f81f24b2a1b1cfcf4eb7c34e7,I take pride in my job managing the restaurant.,"Personal_Background, Preferences_Interests"
conversation_47_user_2,d2e83cca408b695a4799292d0b3ed19e34a8f06f81f24b2a1b1cfcf4eb7c34e7,My family is very important to me.,"Personal_Background, Personality_Traits"
conversation_47_user_2,d2e83cca408b695a4799292d0b3ed19e34a8f06f81f24b2a1b1cfcf4eb7c34e7,My brothers work with me.,Personal_Background
conversation_48_user_1,b658a175c275fd024d1b2d947dbd468bceeca7d7d6460b1e27d012392ac2b4fe,I am vegan.,Personality_Traits
conversation_48_user_1,b658a175c275fd024d1b2d947dbd468bceeca7d7d6460b1e27d012392ac2b4fe,I decided to become vegan a year ago.,Demographics
conversation_48_user_1,b658a175c275fd024d1b2d947dbd468bceeca7d7d6460b1e27d012392ac2b4fe,I work at the grocery store.,Personal_Background
conversation_48_user_1,b658a175c275fd024d1b2d947dbd468bceeca7d7d6460b1e27d012392ac2b4fe,Sometimes i volunteer at an urban farm.,Habits_Routines
conversation_48_user_1,b658a175c275fd024d1b2d947dbd468bceeca7d7d6460b1e27d012392ac2b4fe,I help around with bookkeeping and tours.,Preferences_Interests
conversation_48_user_2,eb1239cae60fa089dca2601a63e3edbf110f1616dba85a1890f2e94c65bb7e2f,I like the color blue or red.,Preferences_Interests
conversation_48_user_2,eb1239cae60fa089dca2601a63e3edbf110f1616dba85a1890f2e94c65bb7e2f,I have always wanted to travel to ireland or puerto rico.,Preferences_Interests
conversation_48_user_2,eb1239cae60fa089dca2601a63e3edbf110f1616dba85a1890f2e94c65bb7e2f,I love the country but enjoy visiting the city life.,"Preferences_Interests, Personality_Traits"
conversation_48_user_2,eb1239cae60fa089dca2601a63e3edbf110f1616dba85a1890f2e94c65bb7e2f,"I have two dogs , one pitbull and old english bulldog.",Demographics
conversation_48_user_2,eb1239cae60fa089dca2601a63e3edbf110f1616dba85a1890f2e94c65bb7e2f,I use to be a wild child.,Personal_Background
conversation_49_user_1,23743d7b638927ef6e9fcbe5f465d10218dc72d4ee82efaf2fd3c23bd0b111f8,I am vegan.,Personality_Traits
conversation_49_user_1,23743d7b638927ef6e9fcbe5f465d10218dc72d4ee82efaf2fd3c23bd0b111f8,I am leaving for college in three months.,Personal_Background
conversation_49_user_1,23743d7b638927ef6e9fcbe5f465d10218dc72d4ee82efaf2fd3c23bd0b111f8,My father is a mechanic.,Personal_Background
conversation_49_user_1,23743d7b638927ef6e9fcbe5f465d10218dc72d4ee82efaf2fd3c23bd0b111f8,My favorite band is muse.,Preferences_Interests
conversation_49_user_2,8a6a67a4e0de78006600b2f02c6bcf7f3428b702ea14a11f9a35ec78ece87be9,My husband and i have a suicide pact.,Personal_Background
conversation_49_user_2,8a6a67a4e0de78006600b2f02c6bcf7f3428b702ea14a11f9a35ec78ece87be9,I love agatha christie novels.,"Preferences_Interests, Personality_Traits"
conversation_49_user_2,8a6a67a4e0de78006600b2f02c6bcf7f3428b702ea14a11f9a35ec78ece87be9,I grow the tallest sunflowers you have ever seen.,Personal_Background
conversation_49_user_2,8a6a67a4e0de78006600b2f02c6bcf7f3428b702ea14a11f9a35ec78ece87be9,I spend most of my days working at my churchs food pantry.,Preferences_Interests
conversation_49_user_2,8a6a67a4e0de78006600b2f02c6bcf7f3428b702ea14a11f9a35ec78ece87be9,"I have 5 children , though 2 have passed away.",Personal_Background
conversation_50_user_1,41847b113c320b14f4e124ac101a84c440dd6a75e7c9d6f6adbe78d1f4cc7851,I am vegan.,Personality_Traits
conversation_50_user_1,41847b113c320b14f4e124ac101a84c440dd6a75e7c9d6f6adbe78d1f4cc7851,I help around with bookkeeping and tours.,Preferences_Interests
conversation_50_user_1,41847b113c320b14f4e124ac101a84c440dd6a75e7c9d6f6adbe78d1f4cc7851,I work at the grocery store.,Personal_Background
conversation_50_user_1,41847b113c320b14f4e124ac101a84c440dd6a75e7c9d6f6adbe78d1f4cc7851,Sometimes i volunteer at an urban farm.,Habits_Routines
conversation_50_user_1,41847b113c320b14f4e124ac101a84c440dd6a75e7c9d6f6adbe78d1f4cc7851,I decided to become vegan a year ago.,Demographics
conversation_50_user_2,c54f3baee449ac06442adb24122f6ddaf09eca6ae89398ae52a766a9e826fab4,I like to go fishing.,Preferences_Interests
conversation_50_user_2,c54f3baee449ac06442adb24122f6ddaf09eca6ae89398ae52a766a9e826fab4,I am an athlete.,Preferences_Interests
conversation_50_user_2,c54f3baee449ac06442adb24122f6ddaf09eca6ae89398ae52a766a9e826fab4,I like to play board games.,Preferences_Interests
conversation_50_user_2,c54f3baee449ac06442adb24122f6ddaf09eca6ae89398ae52a766a9e826fab4,I race cars for a living.,Uncategorized
conversation_50_user_2,c54f3baee449ac06442adb24122f6ddaf09eca6ae89398ae52a766a9e826fab4,I have 4 daughters.,Personal_Background
